,enginesize,carwidth,wheelbase,horsepower,highwaympg,carbody_hardtop,carbody_hatchback,carbody_sedan,carbody_wagon,cylindernumber_twelve,cylindernumber_two
0,22.58560381068487,8.62259556567834,4.165638787359852,17.561822159767097,4.157822185924647,-4.018562426787741,-7.29389408410657,-5.824490298343237,-6.6844401803177655,-8.280784940660231,7.064574020311412
